DTXSID,PREFERRED NAME,casrn,INCHIKEY,IUPAC NAME,smiles,INCHI STRING,MOLECULAR FORMULA,AVERAGE MASS,MONOISOTOPIC MASS,# of SOURCES,# OF PUBMED ARTICLES,PUBCHEM DATA SOURCES,CPDAT COUNT,QC Level,# ToxCast Active,% ToxCast Active,Total Assays,predictions_model2
DTXSID1024120,Glufosinate-ammonium,77182-82-2,ZBMRKNMTMPPMMK-UHFFFAOYSA-N,Ammonium 2-amino-4-[hydroxy(methyl)phosphoryl]butanoate,[NH4+].CP(O)(=O)CCC(N)C([O-])=O,"InChI=1/C5H12NO4P.H3N/c1-11(9,10)3-2-4(6)5(7)8;/h4H,2-3,6H2,1H3,(H,7,8)(H,9,10);1H3",C5H15N2O4P,198.159,198.076944,81,294.0,29.0,,1, ,,,Inactive
DTXSID1021407,Trinitroglycerin,55-63-0,SNIOPGDIGTZGOP-UHFFFAOYSA-N,"Propane-1,2,3-triyl trinitrate",[O-][N+](=O)OCC(CO[N+]([O-])=O)O[N+]([O-])=O,"InChI=1S/C3H5N3O9/c7-4(8)13-1-3(15-6(11)12)2-14-5(9)10/h3H,1-2H2",C3H5N3O9,227.085,227.002579,155,11865.0,90.0,186.0,1, ,,,Inactive
DTXSID6024252,Perchlorate,14797-73-0,VLTRZXGMWDSKGL-UHFFFAOYSA-M,Perchlorate,[O-][Cl](=O)(=O)=O,"InChI=1S/ClHO4/c2-1(3,4)5/h(H,2,3,4,5)/p-1",ClO4,99.45,98.949060,76,629.0,41.0,,1, ,,,Inactive
DTXSID9024142,Cyclonite,121-82-4,XTFIVUDBNACUBN-UHFFFAOYSA-N,"1,3,5-Trinitro-1,3,5-triazinane",[O-][N+](=O)N1CN(CN(C1)[N+]([O-])=O)[N+]([O-])=O,InChI=1S/C3H6N6O6/c10-7(11)4-1-5(8(12)13)3-6(2-4)9(14)15/h1-3H2,C3H6N6O6,222.117,222.034882,146,472.0,72.0,71.0,2, ,,,Inactive
DTXSID1034921,Fomesafen-sodium,108731-70-0,CRHGSCXKJPJNAB-UHFFFAOYSA-M,Sodium {5-[2-chloro-4-(trifluoromethyl)phenoxy]-2-nitrobenzoyl}(methanesulfonyl)azanide,[Na+].CS(=O)(=O)[N-]C(=O)C1=C(C=CC(OC2=C(Cl)C=C(C=C2)C(F)(F)F)=C1)[N+]([O-])=O,"InChI=1S/C15H10ClF3N2O6S.Na/c1-28(25,26)20-14(22)10-7-9(3-4-12(10)21(23)24)27-13-5-2-8(6-11(13)16)15(17,18)19;/h2-7H,1H3,(H,20,22);/q;+1/p-1",C15H9ClF3N2NaO6S,460.74,459.971964,31,32.0,17.0,,2, ,,,Inactive
DTXSID8025541,Oxydemeton-methyl,301-12-2,PMCVMORKVPSKHZ-UHFFFAOYSA-N,"S-[2-(Ethanesulfinyl)ethyl] O,O-dimethyl phosphorothioate",CCS(=O)CCSP(=O)(OC)OC,"InChI=1S/C6H15O4PS2/c1-4-13(8)6-5-12-11(7,9-2)10-3/h4-6H2,1-3H3",C6H15O4PS2,246.28,246.014938,127,55.0,81.0,1.0,2, ,,,Inactive
DTXSID1037484,Acetochlor OA,194992-44-4,OTKTUNJJKYTOFF-UHFFFAOYSA-N,[(Ethoxymethyl)(2-ethyl-6-methylphenyl)amino](oxo)acetic acid,CCOCN(C(=O)C(O)=O)C1=C(CC)C=CC=C1C,"InChI=1S/C14H19NO4/c1-4-11-8-6-7-10(3)12(11)15(9-19-5-2)13(16)14(17)18/h6-8H,4-5,9H2,1-3H3,(H,17,18)",C14H19NO4,265.309,265.131408,53,,25.0,,1, ,,,Inactive
DTXSID1020643,Fosetyl-Al,39148-24-8,ZKZMJOFIHHZSRW-UHFFFAOYSA-K,Aluminium tris(ethyl phosphonate),[Al+3].CCOP([O-])=O.CCOP([O-])=O.CCOP([O-])=O,"InChI=1S/3C2H7O3P.Al/c3*1-2-5-6(3)4;/h3*6H,2H2,1H3,(H,3,4);/q;;;+3/p-3",C6H18AlO9P3,354.104,353.997907,67,12.0,28.0,,2, ,,,Inactive
DTXSID1037486,Alachlor OA,171262-17-2,MHCYOELBTPOBIU-UHFFFAOYSA-N,"[(2,6-Diethylphenyl)(methoxymethyl)amino](oxo)acetic acid",CCC1=CC=CC(CC)=C1N(COC)C(=O)C(O)=O,"InChI=1S/C14H19NO4/c1-4-10-7-6-8-11(5-2)12(10)15(9-19-3)13(16)14(17)18/h6-8H,4-5,9H2,1-3H3,(H,17,18)",C14H19NO4,265.309,265.131408,54,,24.0,,2, ,,,Inactive
DTXSID6037485,Alachlor ESA,142363-53-9,UTCJUUGCHWHUNI-UHFFFAOYSA-N,"2-[(2,6-Diethylphenyl)(methoxymethyl)amino]-2-oxoethane-1-sulfonic acid",CCC1=CC=CC(CC)=C1N(COC)C(=O)CS(O)(=O)=O,"InChI=1S/C14H21NO5S/c1-4-11-7-6-8-12(5-2)14(11)15(10-20-3)13(16)9-21(17,18)19/h6-8H,4-5,9-10H2,1-3H3,(H,17,18,19)",C14H21NO5S,315.38,315.114044,60,,17.0,,2, ,,,Inactive
DTXSID2021284,Styrene,100-42-5,PPBRXRYQALVLMV-UHFFFAOYSA-N,Ethenylbenzene,C=CC1=CC=CC=C1,"InChI=1S/C8H8/c1-2-8-6-4-3-5-7-8/h2-7H,1H2",C8H8,104.152,104.062600,276,1679.0,317.0,1422.0,1,1/235,0.0,235.0,Inactive
DTXSID0020448,"1,2-Dichloropropane",78-87-5,KNKRKFALVUDBJE-UHFFFAOYSA-N,"1,2-Dichloropropane",CC(Cl)CCl,"InChI=1S/C3H6Cl2/c1-3(5)2-4/h3H,2H2,1H3",C3H6Cl2,112.98,111.984656,216,74.0,114.0,44.0,1,0/235,0.0,235.0,Inactive
DTXSID3039242,Benzene,71-43-2,UHOVQNZJYSORNB-UHFFFAOYSA-N,Benzene,C1=CC=CC=C1,InChI=1S/C6H6/c1-2-4-6-5-3-1/h1-6H,C6H6,78.114,78.046950,268,8535.0,570.0,2988.0,2,1/235,0.0,235.0,Inactive
DTXSID8020250,Carbon tetrachloride,56-23-5,VZGDMQKNWNREIO-UHFFFAOYSA-N,Tetrachloromethane,ClC(Cl)(Cl)Cl,"InChI=1S/CCl4/c2-1(3,4)5",CCl4,153.81,151.875411,239,11059.0,114.0,233.0,2,1/235,0.0,235.0,Inactive
DTXSID8021438,"1,1-Dichloroethylene",75-35-4,LGXVIGDEPROXKC-UHFFFAOYSA-N,"1,1-Dichloroethene",ClC(Cl)=C,InChI=1S/C2H2Cl2/c1-2(3)4/h1H2,C2H2Cl2,96.94,95.953356,205,144.0,116.0,71.0,2,1/401,0.0,401.0,Inactive
DTXSID2020682,Hexachlorobenzene,118-74-1,CKAPSXZOOQJIBF-UHFFFAOYSA-N,Hexachlorobenzene,ClC1=C(Cl)C(Cl)=C(Cl)C(Cl)=C1Cl,InChI=1S/C6Cl6/c7-1-2(8)4(10)6(12)5(11)3(1)9,C6Cl6,284.77,281.813116,227,1502.0,96.0,82.0,2,0/235,0.0,235.0,Inactive
DTXSID0021917,n-Hexane,110-54-3,VLKZOEOYAKHREP-UHFFFAOYSA-N,Hexane,CCCCCC,"InChI=1S/C6H14/c1-3-5-6-4-2/h3-6H2,1-2H3",C6H14,86.178,86.109550,249,1005.0,1275.0,3022.0,1,0/235,0.0,235.0,Inactive
DTXSID2024030,"(Z)-1,2-Dichloroethylene",156-59-2,KFUSEUYYWQURPO-UPHRSURJSA-N,"(Z)-1,2-Dichloroethene",Cl\C=C/Cl,InChI=1S/C2H2Cl2/c3-1-2-4/h1-2H/b2-1-,C2H2Cl2,96.94,95.953356,136,120.0,69.0,20.0,2,1/235,0.0,235.0,Inactive
DTXSID9032535,Trinexapac-ethyl,95266-40-3,RVKCCVTVZORVGD-QXMHVHEDSA-N,"Ethyl 4-[cyclopropyl(hydroxy)methylidene]-3,5-dioxocyclohexane-1-carboxylate",CCOC(=O)C1CC(=O)C(=C(O)C2CC2)C(=O)C1,"InChI=1S/C13H16O5/c1-2-18-13(17)8-5-9(14)11(10(15)6-8)12(16)7-3-4-7/h7-8,16H,2-6H2,1H3/b12-11-",C13H16O5,252.266,252.099774,116,5.0,72.0,1.0,2,2/429,0.0,429.0,Inactive
DTXSID3020596,Ethylbenzene,100-41-4,YNQLUTRBYVCPMQ-UHFFFAOYSA-N,Ethylbenzene,CCC1=CC=CC=C1,"InChI=1S/C8H10/c1-2-8-6-4-3-5-7-8/h3-7H,2H2,1H3",C8H10,106.168,106.078250,274,686.0,241.0,5918.0,1,1/235,0.0,235.0,Inactive
DTXSID0034857,Quizalofop-p-ethyl,100646-51-3,OSUHJPCHFDQAIT-GFCCVEGCSA-N,Ethyl (2R)-2-{4-[(6-chloroquinoxalin-2-yl)oxy]phenoxy}propanoate,CCOC(=O)[C@@H](C)OC1=CC=C(OC2=CN=C3C=C(Cl)C=CC3=N2)C=C1,"InChI=1S/C19H17ClN2O4/c1-3-24-19(23)12(2)25-14-5-7-15(8-6-14)26-18-11-21-17-10-13(20)4-9-16(17)22-18/h4-12H,3H2,1-2H3/t12-/m1/s1",C19H17ClN2O4,372.81,372.087685,69,22.0,56.0,,1,0/3,0.0,3.0,Inhibitor_very weak
DTXSID8020090,Aniline,62-53-3,PAYRUJLWNCNPSJ-UHFFFAOYSA-N,Aniline,NC1=CC=CC=C1,"InChI=1S/C6H7N/c7-6-4-2-1-3-5-6/h1-5H,7H2",C6H7N,93.129,93.057849,260,1932.0,341.0,113.0,1,1/235,0.0,235.0,Inactive
DTXSID1020566,Epichlorohydrin,106-89-8,BRLQWZUYTZBJKN-UHFFFAOYSA-N,2-(Chloromethyl)oxirane,ClCC1CO1,"InChI=1/C3H5ClO/c4-1-3-2-5-3/h3H,1-2H2",C3H5ClO,92.52,92.002893,196,440.0,243.0,388.0,2,1/235,0.0,235.0,Inactive
DTXSID0021381,"1,1,1-Trichloroethane",71-55-6,UOCLXMDMGBRAIB-UHFFFAOYSA-N,"1,1,1-Trichloroethane",CC(Cl)(Cl)Cl,"InChI=1S/C2H3Cl3/c1-2(3,4)5/h1H3",C2H3Cl3,133.4,131.930033,230,385.0,112.0,3053.0,2,1/235,0.0,235.0,Inactive
DTXSID2021317,"1,1,1,2-Tetrachloroethane",630-20-6,QVLAWKAXOMEXPM-UHFFFAOYSA-N,"1,1,1,2-Tetrachloroethane",ClCC(Cl)(Cl)Cl,"InChI=1S/C2H2Cl4/c3-1-2(4,5)6/h1H2",C2H2Cl4,167.84,165.891061,149,13.0,92.0,14.0,2,0/235,0.0,235.0,Inactive
DTXSID0020868,Dichloromethane,75-09-2,YMWUJEATGCHHMB-UHFFFAOYSA-N,Dichloromethane,ClCCl,InChI=1S/CH2Cl2/c2-1-3/h1H2,CH2Cl2,84.93,83.953356,260,1755.0,390.0,3207.0,2,1/235,0.0,235.0,Inactive
DTXSID3042219,Propylbenzene,103-65-1,ODLMAHJVESYWTB-UHFFFAOYSA-N,Propylbenzene,CCCC1=CC=CC=C1,"InChI=1S/C9H12/c1-2-6-9-7-4-3-5-8-9/h3-5,7-8H,2,6H2,1H3",C9H12,120.195,120.093900,171,28.0,140.0,23.0,2,3/847,0.0,847.0,Inactive
DTXSID1020437,"1,1-Dichloroethane",75-34-3,SCYULBFZEHDVBN-UHFFFAOYSA-N,"1,1-Dichloroethane",CC(Cl)Cl,"InChI=1S/C2H4Cl2/c1-2(3)4/h2H,1H3",C2H4Cl2,98.95,97.969005,183,23.0,219.0,37.0,2,3/235,1.0,235.0,Inactive
DTXSID1020431,"1,4-Dichlorobenzene",106-46-7,OCJBOOLMMGQPQU-UHFFFAOYSA-N,"1,4-Dichlorobenzene",ClC1=CC=C(Cl)C=C1,InChI=1S/C6H4Cl2/c7-5-1-2-6(8)4-3-5/h1-4H,C6H4Cl2,147.0,145.969006,266,202.0,170.0,207.0,2,11/855,1.0,855.0,Inactive
DTXSID6037483,Acetochlor ESA,187022-11-3,HXAIQOCRALNGKB-UHFFFAOYSA-N,2-[(Ethoxymethyl)(2-ethyl-6-methylphenyl)amino]-2-oxoethane-1-sulfonic acid,CCOCN(C(=O)CS(O)(=O)=O)C1=C(CC)C=CC=C1C,"InChI=1S/C14H21NO5S/c1-4-12-8-6-7-11(3)14(12)15(10-20-5-2)13(16)9-21(17,18)19/h6-8H,4-5,9-10H2,1-3H3,(H,17,18,19)",C14H21NO5S,315.38,315.114044,68,,19.0,,1,2/281,1.0,281.0,Inactive
DTXSID9021427,Urethane,51-79-6,JOYRKODLDBILNP-UHFFFAOYSA-N,Ethyl carbamate,CCOC(N)=O,"InChI=1S/C3H7NO2/c1-2-6-3(4)5/h2H2,1H3,(H2,4,5)",C3H7NO2,89.094,89.047678,167,4595.0,245.0,12.0,2,5/852,1.0,852.0,Inactive
DTXSID1037567,Metolachlor ESA,171118-09-5,CIGKZVUEZXGYSV-UHFFFAOYSA-N,2-[(2-Ethyl-6-methylphenyl)(1-methoxypropan-2-yl)amino]-2-oxoethane-1-sulfonic acid,CCC1=CC=CC(C)=C1N(C(C)COC)C(=O)CS(O)(=O)=O,"InChI=1S/C15H23NO5S/c1-5-13-8-6-7-11(2)15(13)16(12(3)9-21-4)14(17)10-22(18,19)20/h6-8,12H,5,9-10H2,1-4H3,(H,18,19,20)",C15H23NO5S,329.41,329.129694,79,,21.0,,1,7/486,1.0,486.0,Inactive
DTXSID1021740,1-Butanol,71-36-3,LRHPLDYGYMQRHN-UHFFFAOYSA-N,Butan-1-ol,CCCCO,"InChI=1S/C4H10O/c1-2-3-4-5/h5H,2-4H2,1H3",C4H10O,74.123,74.073165,269,1109.0,514.0,4150.0,2,5/411,1.0,411.0,Inactive
DTXSID4020298,Chlorobenzene,108-90-7,MVPPADPHJFYWMZ-UHFFFAOYSA-N,Chlorobenzene,ClC1=CC=CC=C1,InChI=1S/C6H5Cl/c7-6-4-2-1-3-5-6/h1-5H,C6H5Cl,112.56,112.007978,249,364.0,312.0,167.0,2,2/235,1.0,235.0,Inactive
DTXSID2021319,Tetrachloroethylene,127-18-4,CYTYCFOTNPOANT-UHFFFAOYSA-N,Tetrachloroethene,ClC(Cl)=C(Cl)Cl,InChI=1S/C2Cl4/c3-1(4)2(5)6,C2Cl4,165.82,163.875411,267,1490.0,157.0,784.0,1,2/235,1.0,235.0,Inactive
DTXSID2022333,sec-Butylbenzene,135-98-8,ZJMWRROPUADPEA-UHFFFAOYSA-N,(Butan-2-yl)benzene,CCC(C)C1=CC=CC=C1,"InChI=1S/C10H14/c1-3-9(2)10-7-5-4-6-8-10/h4-9H,3H2,1-2H3",C10H14,134.222,134.109550,130,3.0,127.0,11.0,2,3/284,1.0,284.0,Inactive
DTXSID7021029,N-Nitrosodimethylamine,62-75-9,UMFJAHHVKNCGLG-UHFFFAOYSA-N,"N,N-Dimethylnitrous amide",CN(C)N=O,InChI=1S/C2H6N2O/c1-4(2)3-5/h1-2H3,C2H6N2O,74.083,74.048013,211,2589.0,104.0,13.0,2,9/849,1.0,849.0,Inactive
DTXSID5020023,Acrolein,107-02-8,HGINCPLSRVDWNT-UHFFFAOYSA-N,Prop-2-enal,C=CC=O,"InChI=1S/C3H4O/c1-2-3-4/h2-3H,1H2",C3H4O,56.064,56.026215,227,2468.0,139.0,15.0,2,2/235,1.0,235.0,Inactive
DTXSID6037568,Metolachlor OA,152019-73-3,LNOOSYCKMKZOJB-UHFFFAOYSA-N,[(2-Ethyl-6-methylphenyl)(1-methoxypropan-2-yl)amino](oxo)acetic acid,CCC1=CC=CC(C)=C1N(C(C)COC)C(=O)C(O)=O,"InChI=1S/C15H21NO4/c1-5-12-8-6-7-10(2)13(12)16(11(3)9-20-4)14(17)15(18)19/h6-8,11H,5,9H2,1-4H3,(H,18,19)",C15H21NO4,279.336,279.147058,85,,27.0,,2,2/279,1.0,279.0,Inactive
DTXSID6032641,Quinclorac,84087-01-4,FFSSWMQPCJRCRV-UHFFFAOYSA-N,"3,7-Dichloroquinoline-8-carboxylic acid",OC(=O)C1=C(Cl)C=CC2=CC(Cl)=CN=C12,"InChI=1S/C10H5Cl2NO2/c11-6-3-5-1-2-7(12)8(10(14)15)9(5)13-4-6/h1-4H,(H,14,15)",C10H5Cl2NO2,242.06,240.969734,128,28.0,101.0,5.0,1,13/911,1.0,911.0,Inactive
DTXSID0021383,Trichloroethylene,79-01-6,XSTXAVWGXDQKEL-UHFFFAOYSA-N,"1,1,2-Trichloroethene",ClC=C(Cl)Cl,InChI=1S/C2HCl3/c3-1-2(4)5/h1H,C2HCl3,131.38,129.914383,258,4105.0,181.0,413.0,1,3/235,1.0,235.0,Inactive
DTXSID3020964,Nitrobenzene,98-95-3,LQNUZADURLCDLV-UHFFFAOYSA-N,Nitrobenzene,[O-][N+](=O)C1=CC=CC=C1,InChI=1S/C6H5NO2/c8-7(9)6-4-2-1-3-5-6/h1-5H,C6H5NO2,123.111,123.032028,231,748.0,214.0,33.0,2,7/864,1.0,864.0,Inactive
DTXSID5024182,2-Methoxyethanol,109-86-4,XNWFRZJHXBZDAG-UHFFFAOYSA-N,2-Methoxyethan-1-ol,COCCO,"InChI=1S/C3H8O2/c1-5-3-2-4/h4H,2-3H2,1H3",C3H8O2,76.095,76.052429,219,233.0,407.0,369.0,1,7/1028,1.0,1028.0,Inactive
DTXSID6023999,Cyromazine,66215-27-8,LVQDKIWDGQRHTE-UHFFFAOYSA-N,"N~2~-Cyclopropyl-1,3,5-triazine-2,4,6-triamine",NC1=NC(NC2CC2)=NC(N)=N1,"InChI=1S/C6H10N6/c7-4-10-5(8)12-6(11-4)9-3-1-2-3/h3H,1-2H2,(H5,7,8,9,10,11,12)",C6H10N6,166.188,166.096694,148,128.0,145.0,,2,9/942,1.0,942.0,Inactive
DTXSID0020606,Bis(2-ethylhexyl)hexanedioate,103-23-1,SAOKZLXYCUGLFA-UHFFFAOYSA-N,Bis(2-ethylhexyl) hexanedioate,CCCCC(CC)COC(=O)CCCCC(=O)OCC(CC)CCCC,"InChI=1S/C22H42O4/c1-5-9-13-19(7-3)17-25-21(23)15-11-12-16-22(24)26-18-20(8-4)14-10-6-2/h19-20H,5-18H2,1-4H3",C22H42O4,370.574,370.308310,223,87.0,122.0,40.0,1,11/855,1.0,855.0,Inactive
DTXSID6020438,"1,2-Dichloroethane",107-06-2,WSLDOOZREJYCGB-UHFFFAOYSA-N,"1,2-Dichloroethane",ClCCCl,InChI=1S/C2H4Cl2/c3-1-2-4/h1-2H2,C2H4Cl2,98.95,97.969005,246,414.0,503.0,195.0,1,5/400,1.0,400.0,Inactive
DTXSID4020533,"1,4-Dioxane",123-91-1,RYHBNJHYFVUHQT-UHFFFAOYSA-N,"1,4-Dioxane",C1COCCO1,InChI=1S/C4H8O2/c1-2-6-4-3-5-1/h1-4H2,C4H8O2,88.106,88.052429,239,540.0,898.0,424.0,2,2/235,1.0,235.0,Inactive
DTXSID9034490,Cyanamide,420-04-2,XZMCDFZZKTWFGF-UHFFFAOYSA-N,Cyanamide,NC#N,InChI=1S/CH2N2/c2-1-3/h2H2,CH2N2,42.041,42.021798,155,539.0,129.0,1.0,2,13/911,1.0,911.0,Inactive
DTXSID2020686,Lindane,58-89-9,JLYXXMFPNIAWKQ-GNIYUCBRSA-N,"(1R,2S,3r,4R,5S,6r)-1,2,3,4,5,6-Hexachlorocyclohexane",Cl[C@H]1[C@H](Cl)[C@@H](Cl)[C@@H](Cl)[C@H](Cl)[C@H]1Cl,"InChI=1S/C6H6Cl6/c7-1-2(8)4(10)6(12)5(11)3(1)9/h1-6H/t1-,2-,3-,4+,5+,6+",C6H6Cl6,290.81,287.860066,239,4371.0,425.0,76.0,1,97/975,10.0,975.0,Inhibitor_very weak
DTXSID1024338,Thiophanate-methyl,23564-05-8,QGHREAKMXXNCOA-UHFFFAOYSA-N,"Dimethyl (1,2-phenylenedicarbamothioyl)biscarbamate",COC(=O)NC(=S)NC1=C(NC(=S)NC(=O)OC)C=CC=C1,"InChI=1S/C12H14N4O4S2/c1-19-11(17)15-9(21)13-7-5-3-4-6-8(7)14-10(22)16-12(18)20-2/h3-6H,1-2H3,(H2,13,15,17,21)(H2,14,16,18,22)",C12H14N4O4S2,342.39,342.045647,167,85.0,127.0,13.0,2,94/947,10.0,947.0,Inactive
DTXSID7020215,Butylated hydroxyanisole,25013-16-5,,,[*]C(C)(C)C.COc1ccc(O)cc1,,,, ,158,1112.0,,26.0,1,29/286,10.0,286.0,Inhibitor_very weak
DTXSID0020446,Diuron,330-54-1,XMTQQYYKAHVGBJ-UHFFFAOYSA-N,"N'-(3,4-Dichlorophenyl)-N,N-dimethylurea",CN(C)C(=O)NC1=CC(Cl)=C(Cl)C=C1,"InChI=1S/C9H10Cl2N2O/c1-13(2)9(14)12-6-3-4-7(10)8(11)5-6/h3-5H,1-2H3,(H,12,14)",C9H10Cl2N2O,233.09,232.017018,265,1257.0,165.0,52.0,2,119/1042,11.0,1042.0,Inhibitor_very weak
DTXSID4022361,Vinclozolin,50471-44-8,FSCWZHGZWWDELK-UHFFFAOYSA-N,"3-(3,5-Dichlorophenyl)-5-ethenyl-5-methyl-1,3-oxazolidine-2,4-dione",CC1(OC(=O)N(C1=O)C1=CC(Cl)=CC(Cl)=C1)C=C,"InChI=1S/C12H9Cl2NO3/c1-3-12(2)10(16)15(11(17)18-12)9-5-7(13)4-8(14)6-9/h3-6H,1H2,2H3",C12H9Cl2NO3,286.11,284.995949,189,231.0,85.0,2.0,2,128/1131,11.0,1131.0,Inhibitor_weak
DTXSID2034598,Fenoxaprop-P-ethyl,71283-80-2,PQKBPHSEKWERTG-LLVKDONJSA-N,"Ethyl (2R)-2-{4-[(6-chloro-1,3-benzoxazol-2-yl)oxy]phenoxy}propanoate",CCOC(=O)[C@@H](C)OC1=CC=C(OC2=NC3=C(O2)C=C(Cl)C=C3)C=C1,"InChI=1S/C18H16ClNO5/c1-3-22-17(21)11(2)23-13-5-7-14(8-6-13)24-18-20-15-9-4-12(19)10-16(15)25-18/h4-11H,3H2,1-2H3/t11-/m1/s1",C18H16ClNO5,361.78,361.071700,89,,72.0,1.0,1,50/462,11.0,462.0,Inhibitor_very weak
DTXSID2022254,Terbufos,13071-79-9,XLNZEKHULJKQBA-UHFFFAOYSA-N,"S-[(tert-Butylsulfanyl)methyl] O,O-diethyl phosphorodithioate",CCOP(=S)(OCC)SCSC(C)(C)C,"InChI=1S/C9H21O2PS3/c1-6-10-12(13,11-7-2)15-8-14-9(3,4)5/h6-8H2,1-5H3",C9H21O2PS3,288.42,288.044130,164,40.0,73.0,5.0,2,113/932,12.0,932.0,Inhibitor_very weak
DTXSID2024242,Paclobutrazol,76738-62-0,RMOGWMIKYWRTKW-KGLIPLIRSA-N,"rel-(2R,3R)-1-(4-Chlorophenyl)-4,4-dimethyl-2-(1H-1,2,4-triazol-1-yl)pentan-3-ol",CC(C)(C)[C@@H](O)[C@@H](CC1=CC=C(Cl)C=C1)N1C=NC=N1,"InChI=1/C15H20ClN3O/c1-15(2,3)14(20)13(19-10-17-9-18-19)8-11-4-6-12(16)7-5-11/h4-7,9-10,13-14,20H,8H2,1-3H3/t13-,14+/s2",C15H20ClN3O,293.8,293.129490,135,139.0,48.0,7.0,1,120/978,12.0,978.0,Inhibitor_very weak
DTXSID3032464,Profenofos,41198-08-7,QYMMJNLHFKGANY-UHFFFAOYSA-N,O-(4-Bromo-2-chlorophenyl) O-ethyl S-propyl phosphorothioate,CCCSP(=O)(OCC)OC1=C(Cl)C=C(Br)C=C1,"InChI=1S/C11H15BrClO3PS/c1-3-7-18-17(14,15-4-2)16-11-6-5-9(12)8-10(11)13/h5-6,8H,3-4,7H2,1-2H3",C11H15BrClO3PS,373.63,371.935143,162,87.0,76.0,,2,139/1044,13.0,1044.0,Inhibitor_weak
DTXSID2020684,"alpha-1,2,3,4,5,6-Hexachlorocyclohexane",319-84-6,JLYXXMFPNIAWKQ-SHFUYGGZSA-N,"(1R,2R,3R,4R,5S,6S)-1,2,3,4,5,6-Hexachlorocyclohexane",Cl[C@H]1[C@H](Cl)[C@@H](Cl)[C@H](Cl)[C@H](Cl)[C@H]1Cl,"InChI=1S/C6H6Cl6/c7-1-2(8)4(10)6(12)5(11)3(1)9/h1-6H/t1-,2-,3-,4-,5+,6+/m1/s1",C6H6Cl6,290.81,287.860066,133,157.0,425.0,29.0,1,35/235,15.0,235.0,Inhibitor_very weak
DTXSID8024159,Isoxaben,82558-50-7,PMHURSZHKKJGBM-UHFFFAOYSA-N,"2,6-Dimethoxy-N-[3-(3-methylpentan-3-yl)-1,2-oxazol-5-yl]benzamide",CCC(C)(CC)C1=NOC(NC(=O)C2=C(OC)C=CC=C2OC)=C1,"InChI=1S/C18H24N2O4/c1-6-18(3,7-2)14-11-15(24-20-14)19-17(21)16-12(22-4)9-8-10-13(16)23-5/h8-11H,6-7H2,1-5H3,(H,19,21)",C18H24N2O4,332.4,332.173607,155,43.0,63.0,3.0,2,141/959,15.0,959.0,Inhibitor_very weak
DTXSID1022265,Alachlor,15972-60-8,XCSGPAVHZFQHGE-UHFFFAOYSA-N,"2-Chloro-N-(2,6-diethylphenyl)-N-(methoxymethyl)acetamide",CCC1=CC=CC(CC)=C1N(COC)C(=O)CCl,"InChI=1S/C14H20ClNO2/c1-4-11-7-6-8-12(5-2)14(11)16(10-18-3)13(17)9-15/h6-8H,4-5,9-10H2,1-3H3",C14H20ClNO2,269.77,269.118257,216,318.0,122.0,18.0,2,150/948,16.0,948.0,Inhibitor_very weak
DTXSID7024160,Lactofen,77501-63-4,CONWAEURSVPLRM-UHFFFAOYSA-N,1-Ethoxy-1-oxopropan-2-yl 5-[2-chloro-4-(trifluoromethyl)phenoxy]-2-nitrobenzoate,CCOC(=O)C(C)OC(=O)C1=C(C=CC(OC2=C(Cl)C=C(C=C2)C(F)(F)F)=C1)[N+]([O-])=O,"InChI=1S/C19H15ClF3NO7/c1-3-29-17(25)10(2)30-18(26)13-9-12(5-6-15(13)24(27)28)31-16-7-4-11(8-14(16)20)19(21,22)23/h4-10H,3H2,1-2H3",C19H15ClF3NO7,461.77,461.048914,124,11.0,76.0,,2,171/1032,17.0,1032.0,Inhibitor_very weak
DTXSID7024241,Oxyfluorfen,42874-03-3,OQMBBFQZGJFLBU-UHFFFAOYSA-N,2-Chloro-1-(3-ethoxy-4-nitrophenoxy)-4-(trifluoromethyl)benzene,CCOC1=CC(OC2=CC=C(C=C2Cl)C(F)(F)F)=CC=C1[N+]([O-])=O,"InChI=1S/C15H11ClF3NO4/c1-2-23-14-8-10(4-5-12(14)20(21)22)24-13-6-3-9(7-11(13)16)15(17,18)19/h3-8H,2H2,1H3",C15H11ClF3NO4,361.7,361.032870,183,46.0,89.0,3.0,2,166/940,18.0,940.0,Inhibitor_weak
DTXSID1021160,Picloram,1918-02-1,NQQVFXUMIDALNH-UHFFFAOYSA-N,"4-Amino-3,5,6-trichloropyridine-2-carboxylic acid",NC1=C(Cl)C(Cl)=NC(C(O)=O)=C1Cl,"InChI=1S/C6H3Cl3N2O2/c7-1-3(10)2(8)5(9)11-4(1)6(12)13/h(H2,10,11)(H,12,13)",C6H3Cl3N2O2,241.45,239.926010,186,133.0,131.0,11.0,1,15/952,2.0,952.0,Inactive
DTXSID1026164,2-Methylaniline,95-53-4,RNVCVTLRINQCPJ-UHFFFAOYSA-N,2-Methylaniline,CC1=C(N)C=CC=C1,"InChI=1S/C7H9N/c1-6-4-2-3-5-7(6)8/h2-5H,8H2,1H3",C7H9N,107.156,107.073499,198,147.0,182.0,18.0,2,13/856,2.0,856.0,Inactive
DTXSID7024031,"(E)-1,2-Dichloroethylene",156-60-5,KFUSEUYYWQURPO-OWOJBTEDSA-N,"(E)-1,2-Dichloroethene",Cl\C=C\Cl,InChI=1S/C2H2Cl2/c3-1-2-4/h1-2H/b2-1+,C2H2Cl2,96.94,95.953356,165,120.0,111.0,93.0,1,7/432,2.0,432.0,Inactive
DTXSID9023914,Dicrotophos,141-66-2,VEENJGZXVHKXNB-VOTSOKGWSA-N,(2E)-4-(Dimethylamino)-4-oxobut-2-en-2-yl dimethyl phosphate,COP(=O)(OC)O\C(C)=C\C(=O)N(C)C,"InChI=1S/C8H16NO5P/c1-7(6-8(10)9(2)3)14-15(11,12-4)13-5/h6H,1-5H3/b7-6+",C8H16NO5P,237.192,237.076610,159,28.0,62.0,2.0,1,17/970,2.0,970.0,Inactive
DTXSID4022991,Erythromycin,114-07-8,ULGZDMOVFRHVEP-RWJQBGPGSA-N,"(3R,4S,5S,6R,7R,9R,11R,12R,13S,14R)-6-{[(2S,3R,4S,6R)-4-(Dimethylamino)-3-hydroxy-6-methyloxan-2-yl]oxy}-14-ethyl-7,12,13-trihydroxy-4-{[(2R,4R,5S,6S)-5-hydroxy-4-methoxy-4,6-dimethyloxan-2-yl]oxy}-3,
5,7,9,11,13-hexamethyl-1-oxacyclotetradecane-2,10-dione (non-preferred name)",CC[C@H]1OC(=O)[C@H](C)[C@@H](O[C@H]2C[C@@](C)(OC)[C@@H](O)[C@H](C)O2)[C@H](C)[C@@H](O[C@@H]2O[C@H](C)C[C@@H]([C@H]2O)N(C)C)[C@](C)(O)C[C@@H](C)C(=O)[C@H](C)[C@@H](O)[C@]1(C)O,"InChI=1S/C37H67NO13/c1-14-25-37(10,45)30(41)20(4)27(39)18(2)16-35(8,44)32(51-34-28(40)24(38(11)12)15-19(3)47-34)21(5)29(22(6)33(43)49-25)50-26-17-36(9,46-13)31(42)23(7)48-26/h18-26,28-32,34,40-42,44-45H,14-17H2,1-13H3/t18-,19-,20+,21+,22-,23+,24+,25-,26+,28-,29+,30-,31+,32-,34+,35-,36-,37-/m1/s1",C37H67NO13,733.937,733.461241,159,15323.0,235.0,6.0,1,19/881,2.0,881.0,Inactive
DTXSID6020856,N-Methyl-2-pyrrolidone,872-50-4,SECXISVLQFMRJM-UHFFFAOYSA-N,1-Methylpyrrolidin-2-one,CN1CCCC1=O,"InChI=1S/C5H9NO/c1-6-4-2-3-5(6)7/h2-4H2,1H3",C5H9NO,99.133,99.068414,250,217.0,393.0,656.0,2,16/850,2.0,850.0,Inactive
DTXSID2021731,Methanol,67-56-1,OKKJLVBELUTLKV-UHFFFAOYSA-N,Methanol,CO,"InChI=1S/CH4O/c1-2/h2H,1H3",CH4O,32.042,32.026215,275,14436.0,972.0,5936.0,2,4/235,2.0,235.0,Inactive
DTXSID6020430,"1,2-Dichlorobenzene",95-50-1,RFFLAFLAYFXFSW-UHFFFAOYSA-N,"1,2-Dichlorobenzene",ClC1=C(Cl)C=CC=C1,InChI=1S/C6H4Cl2/c7-5-3-1-2-4-6(5)8/h1-4H,C6H4Cl2,147.0,145.969006,232,151.0,265.0,197.0,2,15/853,2.0,853.0,Inactive
DTXSID3020833,Methyl tert-butyl ether,1634-04-4,BZLVMXJERCGZMT-UHFFFAOYSA-N,2-Methoxy-2-methylpropane,COC(C)(C)C,"InChI=1S/C5H12O/c1-5(2,3)6-4/h1-4H3",C5H12O,88.15,88.088815,216,984.0,425.0,693.0,2,5/235,2.0,235.0,Inactive
DTXSID3034458,Clethodim,99129-21-2,SILSDTWXNBZOGF-JWGBMQLESA-N,2-(N-{[(2E)-3-Chloroprop-2-en-1-yl]oxy}propanimidoyl)-5-[2-(ethylsulfanyl)propyl]-3-hydroxycyclohex-2-en-1-one,CCSC(C)CC1CC(O)=C(C(CC)=NOC\C=C\Cl)C(=O)C1,"InChI=1/C17H26ClNO3S/c1-4-14(19-22-8-6-7-18)17-15(20)10-13(11-16(17)21)9-12(3)23-5-2/h6-7,12-13,20H,4-5,8-11H2,1-3H3/b7-6+,19-14?",C17H26ClNO3S,359.91,359.132193,94,,5.0,,1,12/492,2.0,492.0,Activator_strong
DTXSID7020005,Acetamide,60-35-5,DLFVBJFMPXGRIB-UHFFFAOYSA-N,Acetamide,CC(N)=O,"InChI=1S/C2H5NO/c1-2(3)4/h1H3,(H2,3,4)",C2H5NO,59.068,59.037114,164,275.0,289.0,6.0,1,17/858,2.0,858.0,Inactive
DTXSID8025961,Propionic acid,79-09-4,XBDQKXXYIPTUBI-UHFFFAOYSA-N,Propanoic acid,CCC(O)=O,"InChI=1S/C3H6O2/c1-2-3(4)5/h2H2,1H3,(H,4,5)",C3H6O2,74.079,74.036779,207,1658.0,400.0,100.0,2,6/287,2.0,287.0,Inactive
DTXSID4032615,Flumetsulam,98967-40-9,RXCPQSJAVKGONC-UHFFFAOYSA-N,"N-(2,6-Difluorophenyl)-5-methyl[1,2,4]triazolo[1,5-a]pyrimidine-2-sulfonamide",CC1=NC2=NC(=NN2C=C1)S(=O)(=O)NC1=C(F)C=CC=C1F,"InChI=1S/C12H9F2N5O2S/c1-7-5-6-19-11(15-7)16-12(17-19)22(20,21)18-10-8(13)3-2-4-9(10)14/h2-6,18H,1H3",C12H9F2N5O2S,325.29,325.044502,131,9.0,79.0,,2,17/963,2.0,963.0,Inactive
DTXSID7024081,Endothal,145-73-3,GXEKYRXVRROBEV-UHFFFAOYSA-N,"7-Oxabicyclo[2.2.1]heptane-2,3-dicarboxylic acid",OC(=O)C1C2CCC(O2)C1C(O)=O,"InChI=1S/C8H10O5/c9-7(10)5-3-1-2-4(13-3)6(5)8(11)12/h3-6H,1-2H2,(H,9,10)(H,11,12)",C8H10O5,186.163,186.052823,137,36.0,91.0,8.0,1,173/846,20.0,846.0,Inactive
DTXSID2020347,Coumaphos,56-72-4,BXNANOICGRISHX-UHFFFAOYSA-N,"O-(3-Chloro-4-methyl-2-oxo-2H-1-benzopyran-7-yl) O,O-diethyl phosphorothioate",CCOP(=S)(OCC)OC1=CC2=C(C=C1)C(C)=C(Cl)C(=O)O2,"InChI=1S/C14H16ClO5PS/c1-4-17-21(22,18-5-2)20-10-6-7-11-9(3)13(15)14(16)19-12(11)8-10/h6-8H,4-5H2,1-3H3",C14H16ClO5PS,362.76,362.014459,168,164.0,121.0,3.0,1,237/1179,20.0,1179.0,Inhibitor_weak
DTXSID7024299,Hexythiazox,78587-05-0,XGWIJUOSCAQSSV-XHDPSFHLSA-N,"rel-(4R,5R)-5-(4-Chlorophenyl)-N-cyclohexyl-4-methyl-2-oxo-1,3-thiazolidine-3-carboxamide",C[C@H]1[C@@H](SC(=O)N1C(=O)NC1CCCCC1)C1=CC=C(Cl)C=C1,"InChI=1/C17H21ClN2O2S/c1-11-15(12-7-9-13(18)10-8-12)23-17(22)20(11)16(21)19-14-5-3-2-4-6-14/h7-11,14-15H,2-6H2,1H3,(H,19,21)/t11-,15+/s2",C17H21ClN2O2S,352.88,352.101227,121,6.0,55.0,,1,204/953,21.0,953.0,Inhibitor_weak
DTXSID8023848,Acetochlor,34256-82-1,VTNQPKFIQCLBDU-UHFFFAOYSA-N,2-Chloro-N-(ethoxymethyl)-N-(2-ethyl-6-methylphenyl)acetamide,CCOCN(C(=O)CCl)C1=C(CC)C=CC=C1C,"InChI=1S/C14H20ClNO2/c1-4-12-8-6-7-11(3)14(12)16(10-18-5-2)13(17)9-15/h6-8H,4-5,9-10H2,1-3H3",C14H20ClNO2,269.77,269.118257,173,172.0,120.0,1.0,1,225/1065,21.0,1065.0,Inhibitor_weak
DTXSID2020688,Hexachlorocyclopentadiene,77-47-4,VUNCWTMEJYMOOR-UHFFFAOYSA-N,"1,2,3,4,5,5-Hexachlorocyclopenta-1,3-diene",ClC1=C(Cl)C(Cl)(Cl)C(Cl)=C1Cl,"InChI=1S/C5Cl6/c6-1-2(7)4(9)5(10,11)3(1)8",C5Cl6,272.76,269.813116,194,29.0,85.0,29.0,2,199/882,23.0,882.0,Inactive
DTXSID3031864,Perfluorooctanesulfonic acid,1763-23-1,YFSUTJLHUFNCNZ-UHFFFAOYSA-N,Heptadecafluorooctane-1-sulfonic acid,OS(=O)(=O)C(F)(F)C(F)(F)C(F)(F)C(F)(F)C(F)(F)C(F)(F)C(F)(F)C(F)(F)F,"InChI=1S/C8HF17O3S/c9-1(10,3(13,14)5(17,18)7(21,22)23)2(11,12)4(15,16)6(19,20)8(24,25)29(26,27)28/h(H,26,27,28)",C8HF17O3S,500.13,499.937494,196,1124.0,88.0,,1,298/1272,23.0,1272.0,Inhibitor_very weak
DTXSID9032329,Bensulide,741-58-2,RRNIZKPFKNDSRS-UHFFFAOYSA-N,"S-{2-[(Benzenesulfonyl)amino]ethyl} O,O-dipropan-2-yl phosphorodithioate",CC(C)OP(=S)(OC(C)C)SCCNS(=O)(=O)C1=CC=CC=C1,"InChI=1S/C14H24NO4PS3/c1-12(2)18-20(21,19-13(3)4)22-11-10-15-23(16,17)14-8-6-5-7-9-14/h5-9,12-13,15H,10-11H2,1-4H3",C14H24NO4PS3,397.5,397.060509,148,4.0,53.0,11.0,1,322/1096,29.0,1096.0,Inhibitor_weak
DTXSID2020139,Benzo(a)pyrene,50-32-8,FMMWHPNWAFZXNH-UHFFFAOYSA-N,Benzo[pqr]tetraphene,C1=CC2=CC3=CC=C4C=CC=C5C=CC(=C2C=C1)C3=C45,InChI=1S/C20H12/c1-2-7-17-15(4-1)12-16-9-8-13-5-3-6-14-10-11-18(17)20(16)19(13)14/h1-12H,C20H12,252.316,252.093900,220,11520.0,205.0,32.0,2,79/275,29.0,275.0,Inhibitor_weak
DTXSID5020027,Acrylamide,79-06-1,HRPVXLWXLXDGHG-UHFFFAOYSA-N,Prop-2-enamide,NC(=O)C=C,"InChI=1S/C3H5NO/c1-2-3(4)5/h2H,1H2,(H2,4,5)",C3H5NO,71.079,71.037114,231,2402.0,257.0,239.0,2,24/932,3.0,932.0,Inactive
DTXSID9021390,"1,2,3-Trichloropropane",96-18-4,CFXQEHVMCRXUSD-UHFFFAOYSA-N,"1,2,3-Trichloropropane",ClCC(Cl)CCl,"InChI=1S/C3H5Cl3/c4-1-3(6)2-5/h3H,1-2H2",C3H5Cl3,147.42,145.945683,196,50.0,108.0,15.0,2,25/852,3.0,852.0,Inactive
DTXSID5021380,"1,1,2-Trichloroethane",79-00-5,UBOXGVDOUJQMTN-UHFFFAOYSA-N,"1,1,2-Trichloroethane",ClCC(Cl)Cl,"InChI=1S/C2H3Cl3/c3-1-2(4)5/h2H,1H2",C2H3Cl3,133.4,131.930033,208,45.0,128.0,41.0,2,14/404,3.0,404.0,Inactive
DTXSID9034361,Denatonium saccharide,90823-38-4,AOVWCKBXCSVODH-UHFFFAOYSA-N,"N-Benzyl-2-(2,6-dimethylanilino)-N,N-diethyl-2-oxoethan-1-aminium 1,1,3-trioxo-1,3-dihydro-1lambda~6~,2-benzothiazol-2-ide",O=C1[N-]S(=O)(=O)C2=C1C=CC=C2.CC[N+](CC)(CC(=O)NC1=C(C)C=CC=C1C)CC1=CC=CC=C1,"InChI=1S/C21H28N2O.C7H5NO3S/c1-5-23(6-2,15-19-13-8-7-9-14-19)16-20(24)22-21-17(3)11-10-12-18(21)4;9-7-5-3-1-2-4-6(5)12(10,11)8-7/h7-14H,5-6,15-16H2,1-4H3;1-4H,(H,8,9)",C28H33N3O4S,507.65,507.219178,60,6.0,62.0,1.0,1,11/434,3.0,434.0,Inactive
DTXSID9024065,"1,3-Dinitrobenzene",99-65-0,WDCYWAQPCXBPJA-UHFFFAOYSA-N,"1,3-Dinitrobenzene",[O-][N+](=O)C1=CC(=CC=C1)[N+]([O-])=O,InChI=1S/C6H4N2O4/c9-7(10)5-2-1-3-6(4-5)8(11)12/h1-4H,C6H4N2O4,168.108,168.017107,173,137.0,149.0,4.0,2,27/876,3.0,876.0,Inactive
DTXSID7021106,Pentachlorophenol,87-86-5,IZUPBVBPLAPZRR-UHFFFAOYSA-N,Pentachlorophenol,OC1=C(Cl)C(Cl)=C(Cl)C(Cl)=C1Cl,InChI=1S/C6HCl5O/c7-1-2(8)4(10)6(12)5(11)3(1)9/h12H,C6HCl5O,266.32,263.847003,276,1761.0,173.0,105.0,2,307/899,34.0,899.0,Inhibitor_very weak
DTXSID2032500,Triflumizole,68694-11-1,HSMVPDGQOIQYSR-KGENOOAVSA-N,(1E)-N-[4-Chloro-2-(trifluoromethyl)phenyl]-1-(1H-imidazol-1-yl)-2-propoxyethan-1-imine,CCCOC\C(=N/C1=C(C=C(Cl)C=C1)C(F)(F)F)N1C=CN=C1,"InChI=1S/C15H15ClF3N3O/c1-2-7-23-9-14(22-6-5-20-10-22)21-13-4-3-11(16)8-12(13)15(17,18)19/h3-6,8,10H,2,7,9H2,1H3/b21-14+",C15H15ClF3N3O,345.75,345.085574,139,10.0,90.0,,1,418/1156,36.0,1156.0,Inhibitor_weak
DTXSID5039224,Acetaldehyde,75-07-0,IKHGUXGNUITLKF-UHFFFAOYSA-N,Acetaldehyde,CC=O,"InChI=1S/C2H4O/c1-2-3/h2H,1H3",C2H4O,44.053,44.026215,242,5568.0,445.0,205.0,2,143/400,36.0,400.0,Inhibitor_weak
DTXSID5020601,Ethylene thiourea,96-45-7,PDQAZBWRQCGBEV-UHFFFAOYSA-N,Imidazolidine-2-thione,S=C1NCCN1,"InChI=1S/C3H6N2S/c6-3-4-1-2-5-3/h1-2H2,(H2,4,5,6)",C3H6N2S,102.16,102.025169,205,299.0,143.0,53.0,2,41/1106,4.0,1106.0,Inactive
DTXSID8020597,Ethylene glycol,107-21-1,LYCAIKOWRPUZTN-UHFFFAOYSA-N,"Ethane-1,2-diol",OCCO,"InChI=1S/C2H6O2/c3-1-2-4/h3-4H,1-2H2",C2H6O2,62.068,62.036779,283,2300.0,11003.0,7431.0,1,32/853,4.0,853.0,Inactive
DTXSID8020044,Allyl alcohol,107-18-6,XXROGKLTLUQVRX-UHFFFAOYSA-N,Prop-2-en-1-ol,OCC=C,"InChI=1S/C3H6O/c1-2-3-4/h2,4H,1,3H2",C3H6O,58.08,58.041865,189,627.0,152.0,1.0,2,17/426,4.0,426.0,Inactive
DTXSID1021798,Quinoline,91-22-5,SMWDFEZZVXVKRB-UHFFFAOYSA-N,Quinoline,C1=CC2=C(C=C1)N=CC=C2,InChI=1S/C9H7N/c1-2-6-9-8(4-1)5-3-7-10-9/h1-7H,C9H7N,129.162,129.057849,202,912.0,421.0,5.0,1,32/853,4.0,853.0,Inactive
DTXSID1021409,Triphenyltin hydroxide,76-87-9,BFWMWWXRWVJXSE-UHFFFAOYSA-M,Triphenylstannanol,O[Sn](C1=CC=CC=C1)(C1=CC=CC=C1)C1=CC=CC=C1,InChI=1S/3C6H5.H2O.Sn/c3*1-2-4-6-5-3-1;;/h3*1-5H;1H2;/q;;;;+1/p-1,C18H16OSn,367.035,368.022317,131,24.0,57.0,,1,418/990,42.0,990.0,Inhibitor_weak
DTXSID0021464,Ziram,137-30-4,DUBNHZYBDBBJHD-UHFFFAOYSA-L,Zinc bis(dimethylcarbamodithioate),[Zn++].CN(C)C([S-])=S.CN(C)C([S-])=S,"InChI=1S/2C3H7NS2.Zn/c2*1-4(2)3(5)6;/h2*1-2H3,(H,5,6);/q;;+2/p-2",C6H12N2S4Zn,305.8,303.917475,167,80.0,22.0,55.0,1,389/893,44.0,893.0,Inhibitor_weak
DTXSID0021965,"1,2,4-Trichlorobenzene",120-82-1,PBKONEOXTCPAFI-UHFFFAOYSA-N,"1,2,4-Trichlorobenzene",ClC1=CC(Cl)=C(Cl)C=C1,InChI=1S/C6H3Cl3/c7-4-1-2-5(8)6(9)3-4/h1-3H,C6H3Cl3,181.44,179.930033,210,100.0,160.0,48.0,1,49/878,6.0,878.0,Inactive
DTXSID1042443,Terbufos sulfone,56070-16-7,DWZSTEUTHNUVQD-UHFFFAOYSA-N,"O,O-Diethyl S-[(2-methylpropane-2-sulfonyl)methyl] phosphorodithioate",CCOP(=S)(OCC)SCS(=O)(=O)C(C)(C)C,"InChI=1S/C9H21O4PS3/c1-6-12-14(15,13-7-2)16-8-17(10,11)9(3,4)5/h6-8H2,1-5H3",C9H21O4PS3,320.42,320.033960,74,6.0,31.0,,2,27/490,6.0,490.0,Inhibitor_very weak
DTXSID0024341,Toluene diisocyanate,26471-62-5,,,"C*.O=C=NC1=CC(=CC=C1)N=C=O |c:6,8,t:4,lp:2:2,4:1,11:1,13:2,m:1:9.8.6|",,C9H6N2O2,174.159,174.042927,116,848.0,,179.0,1,14/235,6.0,235.0,Inactive
DTXSID6022422,"4,4'-Diaminobiphenyl methane",101-77-9,YBRVSVVVWCFQMG-UHFFFAOYSA-N,"4,4'-Methylenedianiline",NC1=CC=C(CC2=CC=C(N)C=C2)C=C1,"InChI=1S/C13H14N2/c14-12-5-1-10(2-6-12)9-11-3-7-13(15)8-4-11/h1-8H,9,14-15H2",C13H14N2,198.269,198.115698,191,155.0,137.0,155.0,1,51/884,6.0,884.0,Inactive
DTXSID1032355,Clomazone,81777-89-1,KIEDNEWSYUYDSN-UHFFFAOYSA-N,"2-[(2-Chlorophenyl)methyl]-4,4-dimethyl-1,2-oxazolidin-3-one",CC1(C)CON(CC2=C(Cl)C=CC=C2)C1=O,"InChI=1S/C12H14ClNO2/c1-12(2)8-16-14(11(12)15)7-9-5-3-4-6-10(9)13/h3-6H,7-8H2,1-2H3",C12H14ClNO2,239.7,239.071306,161,58.0,88.0,,2,64/950,7.0,950.0,Inhibitor_very weak
DTXSID9032610,Etofenprox,80844-07-1,YREQHYQNNWYQCJ-UHFFFAOYSA-N,1-{[2-(4-Ethoxyphenyl)-2-methylpropoxy]methyl}-3-phenoxybenzene,CCOC1=CC=C(C=C1)C(C)(C)COCC1=CC(OC2=CC=CC=C2)=CC=C1,"InChI=1S/C25H28O3/c1-4-27-22-15-13-21(14-16-22)25(2,3)19-26-18-20-9-8-12-24(17-20)28-23-10-6-5-7-11-23/h5-17H,4,18-19H2,1-3H3",C25H28O3,376.496,376.203845,139,42.0,114.0,1.0,2,68/917,7.0,917.0,Inactive
DTXSID9023881,Clofentezine,74115-24-5,UXADOQPNKNTIHB-UHFFFAOYSA-N,"3,6-Bis(2-chlorophenyl)-1,2,4,5-tetrazine",ClC1=CC=CC=C1C1=NN=C(N=N1)C1=C(Cl)C=CC=C1,InChI=1S/C14H8Cl2N4/c15-11-7-3-1-5-9(11)13-17-19-14(20-18-13)10-6-2-4-8-12(10)16/h1-8H,C14H8Cl2N4,303.15,302.012602,124,12.0,95.0,,2,71/936,8.0,936.0,Inactive
DTXSID8031865,Perfluorooctanoic acid,335-67-1,SNGREZUHAYWORS-UHFFFAOYSA-N,Pentadecafluorooctanoic acid,OC(=O)C(F)(F)C(F)(F)C(F)(F)C(F)(F)C(F)(F)C(F)(F)C(F)(F)F,"InChI=1S/C8HF15O2/c9-2(10,1(24)25)3(11,12)4(13,14)5(15,16)6(17,18)7(19,20)8(21,22)23/h(H,24,25)",C8HF15O2,414.07,413.973702,221,1179.0,139.0,6.0,1,96/1120,9.0,1120.0,Inactive
